{
  "mejor_modelo": "Regresion Logistica",
  "clases": [
    "biblioteca",
    "certificados",
    "matricula",
    "notas",
    "plataforma"
  ],
  "n_train": 748,
  "n_test": 187,
  "comparacion": {
    "Regresion Logistica": {
      "accuracy": 0.9733,
      "precision_macro": 0.9731,
      "recall_macro": 0.9737,
      "f1_macro": 0.9731,
      "cv_f1_macro_mean": 0.9626,
      "cv_f1_macro_std": 0.0181
    },
    "Random Forest": {
      "accuracy": 0.9679,
      "precision_macro": 0.9679,
      "recall_macro": 0.9681,
      "f1_macro": 0.9678,
      "cv_f1_macro_mean": 0.9556,
      "cv_f1_macro_std": 0.0188
    },
    "XGBoost": {
      "accuracy": 0.9572,
      "precision_macro": 0.9578,
      "recall_macro": 0.9566,
      "f1_macro": 0.9566,
      "cv_f1_macro_mean": 0.936,
      "cv_f1_macro_std": 0.0167
    }
  },
  "reporte_por_clase": {
    "biblioteca": {
      "precision": 0.9696969696969697,
      "recall": 0.9696969696969697,
      "f1-score": 0.9696969696969697,
      "support": 33.0
    },
    "certificados": {
      "precision": 1.0,
      "recall": 0.95,
      "f1-score": 0.9743589743589743,
      "support": 40.0
    },
    "matricula": {
      "precision": 0.975,
      "recall": 1.0,
      "f1-score": 0.9873417721518988,
      "support": 39.0
    },
    "notas": {
      "precision": 0.9473684210526315,
      "recall": 1.0,
      "f1-score": 0.972972972972973,
      "support": 36.0
    },
    "plataforma": {
      "precision": 0.9736842105263158,
      "recall": 0.9487179487179487,
      "f1-score": 0.961038961038961,
      "support": 39.0
    },
    "accuracy": 0.9732620320855615,
    "macro avg": {
      "precision": 0.9731499202551834,
      "recall": 0.9736829836829838,
      "f1-score": 0.9730819300439553,
      "support": 187.0
    },
    "weighted avg": {
      "precision": 0.9738179003658881,
      "recall": 0.9732620320855615,
      "f1-score": 0.9731991154857196,
      "support": 187.0
    }
  }
}